url_path,views_total,views_unique
/EarthSciML/GasChem.jl/pull/222,49,4
/EarthSciML/GasChem.jl,26,4
/EarthSciML/GasChem.jl/pulls,8,2
/EarthSciML/GasChem.jl/pull/222/changes,5,2
/EarthSciML/GasChem.jl/actions/runs/28337623050/job/83946459509,5,1
/EarthSciML/GasChem.jl/commit/4cb62413ca8ee747ad2d9fc051213f139730477f,4,2
/EarthSciML/GasChem.jl/actions/runs/28333025521/job/83934391036,4,1
/EarthSciML/GasChem.jl/tree/main/test,4,1
/EarthSciML/GasChem.jl/actions/runs/28247577313/job/83690619179,2,2
/EarthSciML/GasChem.jl/pull/222/changes/d6a047230593b8d4391cdeb6996ddbe20a94b854,2,2
